<!-- 
Copyright © 2016 Red Sqirl, Ltd. All rights reserved.
Red Sqirl, Clarendon House, 34 Clarendon St., Dublin 2. Ireland

This file is part of Red Sqirl

User agrees that use of this software is governed by: 
(1) the applicable user limitations and specified terms and conditions of 
   the license agreement which has been entered into with Red Sqirl; and 
(2) the proprietary and restricted rights notices included in this software.

WARNING: THE PROPRIETARY INFORMATION OF Red Sqirl IS PROTECTED BY IRISH AND 
INTERNATIONAL LAW.  UNAUTHORISED REPRODUCTION, DISTRIBUTION OR ANY PORTION
OF IT, MAY RESULT IN CIVIL AND/OR CRIMINAL PENALTIES.

If you have received this software in error please contact Red Sqirl at 
support@redsqirl.com
-->

<assembly xmlns="http://maven.apache.org/plugins/maven-assembly-plugin/assembly/1.1.0" xmlns:xsi="http://www.w3.org/2001/XMLSchema-instance"
  xsi:schemaLocation="http://maven.apache.org/plugins/maven-assembly-plugin/assembly/1.1.0 http://maven.apache.org/xsd/assembly-1.1.0.xsd">
  <id>pck</id>
  <includeBaseDirectory>false</includeBaseDirectory>
  <baseDirectory>..</baseDirectory>
  <formats>
    <format>zip</format>
  </formats>
  <fileSets>
    <fileSet>
      <directory>${generated.pck.dir}</directory>
      <outputDirectory>${project.artifactId}-${project.version}</outputDirectory>
    </fileSet>
  </fileSets>
</assembly>
